"SESCORE__SUPPORTER_ID__C","MAILINGCOUNTRY","ERROR"
"S0509994M1","Malaysia","Required fields are missing: [LastName]"
"S0509711M1","Malaysia","Required fields are missing: [LastName]"
"S0209922M1","Malaysia","unable to obtain exclusive access to this record or 200 records: 0035g00000mgQvUAAU,0035g000013kG8sAAE,0035g00000zYQw1AAG,0035g00000mgdOWAAY,0035g00000ob600AAA,0035g00001BPC9kAAH,0035g00000ob8Q6AAI,0035g00000oakDGAAY,0035g00000mgIGUAA2,0035g00000oayv8AAA, ... (190 more)"
"S0593287M1","Malaysia","unable to obtain exclusive access to this record or 200 records: 0035g00000mgQvUAAU,0035g000013kG8sAAE,0035g00000zYQw1AAG,0035g00000mgdOWAAY,0035g00000ob600AAA,0035g00001BPC9kAAH,0035g00000ob8Q6AAI,0035g00000oakDGAAY,0035g00000mgIGUAA2,0035g00000oayv8AAA, ... (190 more)"
"S0573341M1","Malaysia","unable to obtain exclusive access to this record or 200 records: 0035g00000mgQvUAAU,0035g000013kG8sAAE,0035g00000zYQw1AAG,0035g00000mgdOWAAY,0035g00000ob600AAA,0035g00001BPC9kAAH,0035g00000ob8Q6AAI,0035g00000oakDGAAY,0035g00000mgIGUAA2,0035g00000oayv8AAA, ... (190 more)"
"S0257425M1","Malaysia","unable to obtain exclusive access to this record or 200 records: 0035g00000mgQvUAAU,0035g000013kG8sAAE,0035g00000zYQw1AAG,0035g00000mgdOWAAY,0035g00000ob600AAA,0035g00001BPC9kAAH,0035g00000ob8Q6AAI,0035g00000oakDGAAY,0035g00000mgIGUAA2,0035g00000oayv8AAA, ... (190 more)"
"S0484657M1","Malaysia","unable to obtain exclusive access to this record or 200 records: 0035g00000mgQvUAAU,0035g000013kG8sAAE,0035g00000zYQw1AAG,0035g00000mgdOWAAY,0035g00000ob600AAA,0035g00001BPC9kAAH,0035g00000ob8Q6AAI,0035g00000oakDGAAY,0035g00000mgIGUAA2,0035g00000oayv8AAA, ... (190 more)"
"S0622335M1","Malaysia","unable to obtain exclusive access to this record or 200 records: 0035g00000mgQvUAAU,0035g000013kG8sAAE,0035g00000zYQw1AAG,0035g00000mgdOWAAY,0035g00000ob600AAA,0035g00001BPC9kAAH,0035g00000ob8Q6AAI,0035g00000oakDGAAY,0035g00000mgIGUAA2,0035g00000oayv8AAA, ... (190 more)"
"S0493958M1","Malaysia","unable to obtain exclusive access to this record or 200 records: 0035g00000mgQvUAAU,0035g000013kG8sAAE,0035g00000zYQw1AAG,0035g00000mgdOWAAY,0035g00000ob600AAA,0035g00001BPC9kAAH,0035g00000ob8Q6AAI,0035g00000oakDGAAY,0035g00000mgIGUAA2,0035g00000oayv8AAA, ... (190 more)"
"S0402199M1","Malaysia","unable to obtain exclusive access to this record or 200 records: 0035g00000mgQvUAAU,0035g000013kG8sAAE,0035g00000zYQw1AAG,0035g00000mgdOWAAY,0035g00000ob600AAA,0035g00001BPC9kAAH,0035g00000ob8Q6AAI,0035g00000oakDGAAY,0035g00000mgIGUAA2,0035g00000oayv8AAA, ... (190 more)"
"S0177123M1","Malaysia","unable to obtain exclusive access to this record or 200 records: 0035g00000mgQvUAAU,0035g000013kG8sAAE,0035g00000zYQw1AAG,0035g00000mgdOWAAY,0035g00000ob600AAA,0035g00001BPC9kAAH,0035g00000ob8Q6AAI,0035g00000oakDGAAY,0035g00000mgIGUAA2,0035g00000oayv8AAA, ... (190 more)"
"S0457575M1","Malaysia","unable to obtain exclusive access to this record or 200 records: 0035g00000mgQvUAAU,0035g000013kG8sAAE,0035g00000zYQw1AAG,0035g00000mgdOWAAY,0035g00000ob600AAA,0035g00001BPC9kAAH,0035g00000ob8Q6AAI,0035g00000oakDGAAY,0035g00000mgIGUAA2,0035g00000oayv8AAA, ... (190 more)"
"S0301172M1","Malaysia","unable to obtain exclusive access to this record or 200 records: 0035g00000mgQvUAAU,0035g000013kG8sAAE,0035g00000zYQw1AAG,0035g00000mgdOWAAY,0035g00000ob600AAA,0035g00001BPC9kAAH,0035g00000ob8Q6AAI,0035g00000oakDGAAY,0035g00000mgIGUAA2,0035g00000oayv8AAA, ... (190 more)"
"S0068378M1","Malaysia","unable to obtain exclusive access to this record or 200 records: 0035g00000mgQvUAAU,0035g000013kG8sAAE,0035g00000zYQw1AAG,0035g00000mgdOWAAY,0035g00000ob600AAA,0035g00001BPC9kAAH,0035g00000ob8Q6AAI,0035g00000oakDGAAY,0035g00000mgIGUAA2,0035g00000oayv8AAA, ... (190 more)"
"S0300905M1","Malaysia","unable to obtain exclusive access to this record or 200 records: 0035g00000mgQvUAAU,0035g000013kG8sAAE,0035g00000zYQw1AAG,0035g00000mgdOWAAY,0035g00000ob600AAA,0035g00001BPC9kAAH,0035g00000ob8Q6AAI,0035g00000oakDGAAY,0035g00000mgIGUAA2,0035g00000oayv8AAA, ... (190 more)"
"S0406831M1","Malaysia","unable to obtain exclusive access to this record or 200 records: 0035g00000mgQvUAAU,0035g000013kG8sAAE,0035g00000zYQw1AAG,0035g00000mgdOWAAY,0035g00000ob600AAA,0035g00001BPC9kAAH,0035g00000ob8Q6AAI,0035g00000oakDGAAY,0035g00000mgIGUAA2,0035g00000oayv8AAA, ... (190 more)"
"S0398208M1","Malaysia","unable to obtain exclusive access to this record or 200 records: 0035g00000mgQvUAAU,0035g000013kG8sAAE,0035g00000zYQw1AAG,0035g00000mgdOWAAY,0035g00000ob600AAA,0035g00001BPC9kAAH,0035g00000ob8Q6AAI,0035g00000oakDGAAY,0035g00000mgIGUAA2,0035g00000oayv8AAA, ... (190 more)"
"S0504540M1","Malaysia","unable to obtain exclusive access to this record or 200 records: 0035g00000mgQvUAAU,0035g000013kG8sAAE,0035g00000zYQw1AAG,0035g00000mgdOWAAY,0035g00000ob600AAA,0035g00001BPC9kAAH,0035g00000ob8Q6AAI,0035g00000oakDGAAY,0035g00000mgIGUAA2,0035g00000oayv8AAA, ... (190 more)"
"S0119453M1","Malaysia","unable to obtain exclusive access to this record or 200 records: 0035g00000mgQvUAAU,0035g000013kG8sAAE,0035g00000zYQw1AAG,0035g00000mgdOWAAY,0035g00000ob600AAA,0035g00001BPC9kAAH,0035g00000ob8Q6AAI,0035g00000oakDGAAY,0035g00000mgIGUAA2,0035g00000oayv8AAA, ... (190 more)"
"S0454838M1","Malaysia","unable to obtain exclusive access to this record or 200 records: 0035g00000mgQvUAAU,0035g000013kG8sAAE,0035g00000zYQw1AAG,0035g00000mgdOWAAY,0035g00000ob600AAA,0035g00001BPC9kAAH,0035g00000ob8Q6AAI,0035g00000oakDGAAY,0035g00000mgIGUAA2,0035g00000oayv8AAA, ... (190 more)"
"S0178092M1","Malaysia","unable to obtain exclusive access to this record or 200 records: 0035g00000mgQvUAAU,0035g000013kG8sAAE,0035g00000zYQw1AAG,0035g00000mgdOWAAY,0035g00000ob600AAA,0035g00001BPC9kAAH,0035g00000ob8Q6AAI,0035g00000oakDGAAY,0035g00000mgIGUAA2,0035g00000oayv8AAA, ... (190 more)"
"S0569965M1","Malaysia","unable to obtain exclusive access to this record or 200 records: 0035g00000mgQvUAAU,0035g000013kG8sAAE,0035g00000zYQw1AAG,0035g00000mgdOWAAY,0035g00000ob600AAA,0035g00001BPC9kAAH,0035g00000ob8Q6AAI,0035g00000oakDGAAY,0035g00000mgIGUAA2,0035g00000oayv8AAA, ... (190 more)"
"S0251928M1","Malaysia","unable to obtain exclusive access to this record or 200 records: 0035g00000mgQvUAAU,0035g000013kG8sAAE,0035g00000zYQw1AAG,0035g00000mgdOWAAY,0035g00000ob600AAA,0035g00001BPC9kAAH,0035g00000ob8Q6AAI,0035g00000oakDGAAY,0035g00000mgIGUAA2,0035g00000oayv8AAA, ... (190 more)"
"S0251084M1","Malaysia","unable to obtain exclusive access to this record or 200 records: 0035g00000mgQvUAAU,0035g000013kG8sAAE,0035g00000zYQw1AAG,0035g00000mgdOWAAY,0035g00000ob600AAA,0035g00001BPC9kAAH,0035g00000ob8Q6AAI,0035g00000oakDGAAY,0035g00000mgIGUAA2,0035g00000oayv8AAA, ... (190 more)"
"S0583856M1","Malaysia","unable to obtain exclusive access to this record or 200 records: 0035g00000mgQvUAAU,0035g000013kG8sAAE,0035g00000zYQw1AAG,0035g00000mgdOWAAY,0035g00000ob600AAA,0035g00001BPC9kAAH,0035g00000ob8Q6AAI,0035g00000oakDGAAY,0035g00000mgIGUAA2,0035g00000oayv8AAA, ... (190 more)"
"S0623305M1","Malaysia","unable to obtain exclusive access to this record or 200 records: 0035g00000mgQvUAAU,0035g000013kG8sAAE,0035g00000zYQw1AAG,0035g00000mgdOWAAY,0035g00000ob600AAA,0035g00001BPC9kAAH,0035g00000ob8Q6AAI,0035g00000oakDGAAY,0035g00000mgIGUAA2,0035g00000oayv8AAA, ... (190 more)"
"S0257261M1","Malaysia","unable to obtain exclusive access to this record or 200 records: 0035g00000mgQvUAAU,0035g000013kG8sAAE,0035g00000zYQw1AAG,0035g00000mgdOWAAY,0035g00000ob600AAA,0035g00001BPC9kAAH,0035g00000ob8Q6AAI,0035g00000oakDGAAY,0035g00000mgIGUAA2,0035g00000oayv8AAA, ... (190 more)"
"S0488207M1","Malaysia","unable to obtain exclusive access to this record or 200 records: 0035g00000mgQvUAAU,0035g000013kG8sAAE,0035g00000zYQw1AAG,0035g00000mgdOWAAY,0035g00000ob600AAA,0035g00001BPC9kAAH,0035g00000ob8Q6AAI,0035g00000oakDGAAY,0035g00000mgIGUAA2,0035g00000oayv8AAA, ... (190 more)"
"S0314399M1","Malaysia","unable to obtain exclusive access to this record or 200 records: 0035g00000mgQvUAAU,0035g000013kG8sAAE,0035g00000zYQw1AAG,0035g00000mgdOWAAY,0035g00000ob600AAA,0035g00001BPC9kAAH,0035g00000ob8Q6AAI,0035g00000oakDGAAY,0035g00000mgIGUAA2,0035g00000oayv8AAA, ... (190 more)"
"S0507461M1","Malaysia","unable to obtain exclusive access to this record or 200 records: 0035g00000mgQvUAAU,0035g000013kG8sAAE,0035g00000zYQw1AAG,0035g00000mgdOWAAY,0035g00000ob600AAA,0035g00001BPC9kAAH,0035g00000ob8Q6AAI,0035g00000oakDGAAY,0035g00000mgIGUAA2,0035g00000oayv8AAA, ... (190 more)"
"S0446078M1","Malaysia","unable to obtain exclusive access to this record or 200 records: 0035g00000mgQvUAAU,0035g000013kG8sAAE,0035g00000zYQw1AAG,0035g00000mgdOWAAY,0035g00000ob600AAA,0035g00001BPC9kAAH,0035g00000ob8Q6AAI,0035g00000oakDGAAY,0035g00000mgIGUAA2,0035g00000oayv8AAA, ... (190 more)"
"S0636306M1","Malaysia","unable to obtain exclusive access to this record or 200 records: 0035g00000mgQvUAAU,0035g000013kG8sAAE,0035g00000zYQw1AAG,0035g00000mgdOWAAY,0035g00000ob600AAA,0035g00001BPC9kAAH,0035g00000ob8Q6AAI,0035g00000oakDGAAY,0035g00000mgIGUAA2,0035g00000oayv8AAA, ... (190 more)"
"S0282402M1","Malaysia","unable to obtain exclusive access to this record or 200 records: 0035g00000mgQvUAAU,0035g000013kG8sAAE,0035g00000zYQw1AAG,0035g00000mgdOWAAY,0035g00000ob600AAA,0035g00001BPC9kAAH,0035g00000ob8Q6AAI,0035g00000oakDGAAY,0035g00000mgIGUAA2,0035g00000oayv8AAA, ... (190 more)"
"S0434443M1","Malaysia","unable to obtain exclusive access to this record or 200 records: 0035g00000mgQvUAAU,0035g000013kG8sAAE,0035g00000zYQw1AAG,0035g00000mgdOWAAY,0035g00000ob600AAA,0035g00001BPC9kAAH,0035g00000ob8Q6AAI,0035g00000oakDGAAY,0035g00000mgIGUAA2,0035g00000oayv8AAA, ... (190 more)"
"S0064958M1","Malaysia","unable to obtain exclusive access to this record or 200 records: 0035g00000mgQvUAAU,0035g000013kG8sAAE,0035g00000zYQw1AAG,0035g00000mgdOWAAY,0035g00000ob600AAA,0035g00001BPC9kAAH,0035g00000ob8Q6AAI,0035g00000oakDGAAY,0035g00000mgIGUAA2,0035g00000oayv8AAA, ... (190 more)"
"S0300818M1","Malaysia","unable to obtain exclusive access to this record or 200 records: 0035g00000mgQvUAAU,0035g000013kG8sAAE,0035g00000zYQw1AAG,0035g00000mgdOWAAY,0035g00000ob600AAA,0035g00001BPC9kAAH,0035g00000ob8Q6AAI,0035g00000oakDGAAY,0035g00000mgIGUAA2,0035g00000oayv8AAA, ... (190 more)"
"S0405927M1","Malaysia","unable to obtain exclusive access to this record or 200 records: 0035g00000mgQvUAAU,0035g000013kG8sAAE,0035g00000zYQw1AAG,0035g00000mgdOWAAY,0035g00000ob600AAA,0035g00001BPC9kAAH,0035g00000ob8Q6AAI,0035g00000oakDGAAY,0035g00000mgIGUAA2,0035g00000oayv8AAA, ... (190 more)"
"S0467849M1","Malaysia","unable to obtain exclusive access to this record or 200 records: 0035g00000mgQvUAAU,0035g000013kG8sAAE,0035g00000zYQw1AAG,0035g00000mgdOWAAY,0035g00000ob600AAA,0035g00001BPC9kAAH,0035g00000ob8Q6AAI,0035g00000oakDGAAY,0035g00000mgIGUAA2,0035g00000oayv8AAA, ... (190 more)"
"S0503439M1","Malaysia","unable to obtain exclusive access to this record or 200 records: 0035g00000mgQvUAAU,0035g000013kG8sAAE,0035g00000zYQw1AAG,0035g00000mgdOWAAY,0035g00000ob600AAA,0035g00001BPC9kAAH,0035g00000ob8Q6AAI,0035g00000oakDGAAY,0035g00000mgIGUAA2,0035g00000oayv8AAA, ... (190 more)"
"S0523130M1","Malaysia","unable to obtain exclusive access to this record or 200 records: 0035g00000mgQvUAAU,0035g000013kG8sAAE,0035g00000zYQw1AAG,0035g00000mgdOWAAY,0035g00000ob600AAA,0035g00001BPC9kAAH,0035g00000ob8Q6AAI,0035g00000oakDGAAY,0035g00000mgIGUAA2,0035g00000oayv8AAA, ... (190 more)"
"S0482570M1","Malaysia","unable to obtain exclusive access to this record or 200 records: 0035g00000mgQvUAAU,0035g000013kG8sAAE,0035g00000zYQw1AAG,0035g00000mgdOWAAY,0035g00000ob600AAA,0035g00001BPC9kAAH,0035g00000ob8Q6AAI,0035g00000oakDGAAY,0035g00000mgIGUAA2,0035g00000oayv8AAA, ... (190 more)"
"S0545455M1","Malaysia","unable to obtain exclusive access to this record or 200 records: 0035g00000mgQvUAAU,0035g000013kG8sAAE,0035g00000zYQw1AAG,0035g00000mgdOWAAY,0035g00000ob600AAA,0035g00001BPC9kAAH,0035g00000ob8Q6AAI,0035g00000oakDGAAY,0035g00000mgIGUAA2,0035g00000oayv8AAA, ... (190 more)"
"S0601845M1","Malaysia","unable to obtain exclusive access to this record or 200 records: 0035g00000mgQvUAAU,0035g000013kG8sAAE,0035g00000zYQw1AAG,0035g00000mgdOWAAY,0035g00000ob600AAA,0035g00001BPC9kAAH,0035g00000ob8Q6AAI,0035g00000oakDGAAY,0035g00000mgIGUAA2,0035g00000oayv8AAA, ... (190 more)"
"S0161813M1","Malaysia","unable to obtain exclusive access to this record or 200 records: 0035g00000mgQvUAAU,0035g000013kG8sAAE,0035g00000zYQw1AAG,0035g00000mgdOWAAY,0035g00000ob600AAA,0035g00001BPC9kAAH,0035g00000ob8Q6AAI,0035g00000oakDGAAY,0035g00000mgIGUAA2,0035g00000oayv8AAA, ... (190 more)"
"S0249724M1","Malaysia","unable to obtain exclusive access to this record or 200 records: 0035g00000mgQvUAAU,0035g000013kG8sAAE,0035g00000zYQw1AAG,0035g00000mgdOWAAY,0035g00000ob600AAA,0035g00001BPC9kAAH,0035g00000ob8Q6AAI,0035g00000oakDGAAY,0035g00000mgIGUAA2,0035g00000oayv8AAA, ... (190 more)"
"S0583912M1","Malaysia","unable to obtain exclusive access to this record or 200 records: 0035g00000mgQvUAAU,0035g000013kG8sAAE,0035g00000zYQw1AAG,0035g00000mgdOWAAY,0035g00000ob600AAA,0035g00001BPC9kAAH,0035g00000ob8Q6AAI,0035g00000oakDGAAY,0035g00000mgIGUAA2,0035g00000oayv8AAA, ... (190 more)"
"S0613708M1","Malaysia","unable to obtain exclusive access to this record or 200 records: 0035g00000mgQvUAAU,0035g000013kG8sAAE,0035g00000zYQw1AAG,0035g00000mgdOWAAY,0035g00000ob600AAA,0035g00001BPC9kAAH,0035g00000ob8Q6AAI,0035g00000oakDGAAY,0035g00000mgIGUAA2,0035g00000oayv8AAA, ... (190 more)"
"S0244180M1","Malaysia","unable to obtain exclusive access to this record or 200 records: 0035g00000mgQvUAAU,0035g000013kG8sAAE,0035g00000zYQw1AAG,0035g00000mgdOWAAY,0035g00000ob600AAA,0035g00001BPC9kAAH,0035g00000ob8Q6AAI,0035g00000oakDGAAY,0035g00000mgIGUAA2,0035g00000oayv8AAA, ... (190 more)"
"S0501856M1","Malaysia","unable to obtain exclusive access to this record or 200 records: 0035g00000mgQvUAAU,0035g000013kG8sAAE,0035g00000zYQw1AAG,0035g00000mgdOWAAY,0035g00000ob600AAA,0035g00001BPC9kAAH,0035g00000ob8Q6AAI,0035g00000oakDGAAY,0035g00000mgIGUAA2,0035g00000oayv8AAA, ... (190 more)"
"S0359743M1","Malaysia","unable to obtain exclusive access to this record or 200 records: 0035g00000mgQvUAAU,0035g000013kG8sAAE,0035g00000zYQw1AAG,0035g00000mgdOWAAY,0035g00000ob600AAA,0035g00001BPC9kAAH,0035g00000ob8Q6AAI,0035g00000oakDGAAY,0035g00000mgIGUAA2,0035g00000oayv8AAA, ... (190 more)"
"S0640075M1","Malaysia","unable to obtain exclusive access to this record or 200 records: 0035g00000mgQvUAAU,0035g000013kG8sAAE,0035g00000zYQw1AAG,0035g00000mgdOWAAY,0035g00000ob600AAA,0035g00001BPC9kAAH,0035g00000ob8Q6AAI,0035g00000oakDGAAY,0035g00000mgIGUAA2,0035g00000oayv8AAA, ... (190 more)"
"S0417696M1","Malaysia","unable to obtain exclusive access to this record or 200 records: 0035g00000mgQvUAAU,0035g000013kG8sAAE,0035g00000zYQw1AAG,0035g00000mgdOWAAY,0035g00000ob600AAA,0035g00001BPC9kAAH,0035g00000ob8Q6AAI,0035g00000oakDGAAY,0035g00000mgIGUAA2,0035g00000oayv8AAA, ... (190 more)"
"S0628894M1","Malaysia","unable to obtain exclusive access to this record or 200 records: 0035g00000mgQvUAAU,0035g000013kG8sAAE,0035g00000zYQw1AAG,0035g00000mgdOWAAY,0035g00000ob600AAA,0035g00001BPC9kAAH,0035g00000ob8Q6AAI,0035g00000oakDGAAY,0035g00000mgIGUAA2,0035g00000oayv8AAA, ... (190 more)"
"S0410081M1","Malaysia","unable to obtain exclusive access to this record or 200 records: 0035g00000mgQvUAAU,0035g000013kG8sAAE,0035g00000zYQw1AAG,0035g00000mgdOWAAY,0035g00000ob600AAA,0035g00001BPC9kAAH,0035g00000ob8Q6AAI,0035g00000oakDGAAY,0035g00000mgIGUAA2,0035g00000oayv8AAA, ... (190 more)"
"S0362500M1","Malaysia","unable to obtain exclusive access to this record or 200 records: 0035g00000mgQvUAAU,0035g000013kG8sAAE,0035g00000zYQw1AAG,0035g00000mgdOWAAY,0035g00000ob600AAA,0035g00001BPC9kAAH,0035g00000ob8Q6AAI,0035g00000oakDGAAY,0035g00000mgIGUAA2,0035g00000oayv8AAA, ... (190 more)"
"S0170960M1","Malaysia","unable to obtain exclusive access to this record or 200 records: 0035g00000mgQvUAAU,0035g000013kG8sAAE,0035g00000zYQw1AAG,0035g00000mgdOWAAY,0035g00000ob600AAA,0035g00001BPC9kAAH,0035g00000ob8Q6AAI,0035g00000oakDGAAY,0035g00000mgIGUAA2,0035g00000oayv8AAA, ... (190 more)"
"S0459133M1","Malaysia","unable to obtain exclusive access to this record or 200 records: 0035g00000mgQvUAAU,0035g000013kG8sAAE,0035g00000zYQw1AAG,0035g00000mgdOWAAY,0035g00000ob600AAA,0035g00001BPC9kAAH,0035g00000ob8Q6AAI,0035g00000oakDGAAY,0035g00000mgIGUAA2,0035g00000oayv8AAA, ... (190 more)"
"S0400646M1","Malaysia","unable to obtain exclusive access to this record or 200 records: 0035g00000mgQvUAAU,0035g000013kG8sAAE,0035g00000zYQw1AAG,0035g00000mgdOWAAY,0035g00000ob600AAA,0035g00001BPC9kAAH,0035g00000ob8Q6AAI,0035g00000oakDGAAY,0035g00000mgIGUAA2,0035g00000oayv8AAA, ... (190 more)"
"S0300679M1","Malaysia","unable to obtain exclusive access to this record or 200 records: 0035g00000mgQvUAAU,0035g000013kG8sAAE,0035g00000zYQw1AAG,0035g00000mgdOWAAY,0035g00000ob600AAA,0035g00001BPC9kAAH,0035g00000ob8Q6AAI,0035g00000oakDGAAY,0035g00000mgIGUAA2,0035g00000oayv8AAA, ... (190 more)"
"S0487819M1","Malaysia","unable to obtain exclusive access to this record or 200 records: 0035g00000mgQvUAAU,0035g000013kG8sAAE,0035g00000zYQw1AAG,0035g00000mgdOWAAY,0035g00000ob600AAA,0035g00001BPC9kAAH,0035g00000ob8Q6AAI,0035g00000oakDGAAY,0035g00000mgIGUAA2,0035g00000oayv8AAA, ... (190 more)"
"S0523132M1","Malaysia","unable to obtain exclusive access to this record or 200 records: 0035g00000mgQvUAAU,0035g000013kG8sAAE,0035g00000zYQw1AAG,0035g00000mgdOWAAY,0035g00000ob600AAA,0035g00001BPC9kAAH,0035g00000ob8Q6AAI,0035g00000oakDGAAY,0035g00000mgIGUAA2,0035g00000oayv8AAA, ... (190 more)"
"S0348573M1","Malaysia","unable to obtain exclusive access to this record or 200 records: 0035g00000mgQvUAAU,0035g000013kG8sAAE,0035g00000zYQw1AAG,0035g00000mgdOWAAY,0035g00000ob600AAA,0035g00001BPC9kAAH,0035g00000ob8Q6AAI,0035g00000oakDGAAY,0035g00000mgIGUAA2,0035g00000oayv8AAA, ... (190 more)"
"S0183740M1","Malaysia","unable to obtain exclusive access to this record or 200 records: 0035g00000mgQvUAAU,0035g000013kG8sAAE,0035g00000zYQw1AAG,0035g00000mgdOWAAY,0035g00000ob600AAA,0035g00001BPC9kAAH,0035g00000ob8Q6AAI,0035g00000oakDGAAY,0035g00000mgIGUAA2,0035g00000oayv8AAA, ... (190 more)"
"S0587231M1","Malaysia","unable to obtain exclusive access to this record or 200 records: 0035g00000mgQvUAAU,0035g000013kG8sAAE,0035g00000zYQw1AAG,0035g00000mgdOWAAY,0035g00000ob600AAA,0035g00001BPC9kAAH,0035g00000ob8Q6AAI,0035g00000oakDGAAY,0035g00000mgIGUAA2,0035g00000oayv8AAA, ... (190 more)"
"S0047058M1","Malaysia","unable to obtain exclusive access to this record or 200 records: 0035g00000mgQvUAAU,0035g000013kG8sAAE,0035g00000zYQw1AAG,0035g00000mgdOWAAY,0035g00000ob600AAA,0035g00001BPC9kAAH,0035g00000ob8Q6AAI,0035g00000oakDGAAY,0035g00000mgIGUAA2,0035g00000oayv8AAA, ... (190 more)"
"S0138475M1","Malaysia","unable to obtain exclusive access to this record or 200 records: 0035g00000mgQvUAAU,0035g000013kG8sAAE,0035g00000zYQw1AAG,0035g00000mgdOWAAY,0035g00000ob600AAA,0035g00001BPC9kAAH,0035g00000ob8Q6AAI,0035g00000oakDGAAY,0035g00000mgIGUAA2,0035g00000oayv8AAA, ... (190 more)"
"S0564158M1","Malaysia","unable to obtain exclusive access to this record or 200 records: 0035g00000mgQvUAAU,0035g000013kG8sAAE,0035g00000zYQw1AAG,0035g00000mgdOWAAY,0035g00000ob600AAA,0035g00001BPC9kAAH,0035g00000ob8Q6AAI,0035g00000oakDGAAY,0035g00000mgIGUAA2,0035g00000oayv8AAA, ... (190 more)"
"S0613648M1","Malaysia","unable to obtain exclusive access to this record or 200 records: 0035g00000mgQvUAAU,0035g000013kG8sAAE,0035g00000zYQw1AAG,0035g00000mgdOWAAY,0035g00000ob600AAA,0035g00001BPC9kAAH,0035g00000ob8Q6AAI,0035g00000oakDGAAY,0035g00000mgIGUAA2,0035g00000oayv8AAA, ... (190 more)"
"S0349648M1","Malaysia","unable to obtain exclusive access to this record or 200 records: 0035g00000mgQvUAAU,0035g000013kG8sAAE,0035g00000zYQw1AAG,0035g00000mgdOWAAY,0035g00000ob600AAA,0035g00001BPC9kAAH,0035g00000ob8Q6AAI,0035g00000oakDGAAY,0035g00000mgIGUAA2,0035g00000oayv8AAA, ... (190 more)"
"S0501857M1","Malaysia","unable to obtain exclusive access to this record or 200 records: 0035g00000mgQvUAAU,0035g000013kG8sAAE,0035g00000zYQw1AAG,0035g00000mgdOWAAY,0035g00000ob600AAA,0035g00001BPC9kAAH,0035g00000ob8Q6AAI,0035g00000oakDGAAY,0035g00000mgIGUAA2,0035g00000oayv8AAA, ... (190 more)"
"S0322278M1","Malaysia","unable to obtain exclusive access to this record or 200 records: 0035g00000mgQvUAAU,0035g000013kG8sAAE,0035g00000zYQw1AAG,0035g00000mgdOWAAY,0035g00000ob600AAA,0035g00001BPC9kAAH,0035g00000ob8Q6AAI,0035g00000oakDGAAY,0035g00000mgIGUAA2,0035g00000oayv8AAA, ... (190 more)"
"S0618662M1","Malaysia","unable to obtain exclusive access to this record or 200 records: 0035g00000mgQvUAAU,0035g000013kG8sAAE,0035g00000zYQw1AAG,0035g00000mgdOWAAY,0035g00000ob600AAA,0035g00001BPC9kAAH,0035g00000ob8Q6AAI,0035g00000oakDGAAY,0035g00000mgIGUAA2,0035g00000oayv8AAA, ... (190 more)"
"S0406028M1","Malaysia","unable to obtain exclusive access to this record or 200 records: 0035g00000mgQvUAAU,0035g000013kG8sAAE,0035g00000zYQw1AAG,0035g00000mgdOWAAY,0035g00000ob600AAA,0035g00001BPC9kAAH,0035g00000ob8Q6AAI,0035g00000oakDGAAY,0035g00000mgIGUAA2,0035g00000oayv8AAA, ... (190 more)"
"S0183026M1","Malaysia","unable to obtain exclusive access to this record or 200 records: 0035g00000mgQvUAAU,0035g000013kG8sAAE,0035g00000zYQw1AAG,0035g00000mgdOWAAY,0035g00000ob600AAA,0035g00001BPC9kAAH,0035g00000ob8Q6AAI,0035g00000oakDGAAY,0035g00000mgIGUAA2,0035g00000oayv8AAA, ... (190 more)"
"S0447606M1","Malaysia","unable to obtain exclusive access to this record or 200 records: 0035g00000mgQvUAAU,0035g000013kG8sAAE,0035g00000zYQw1AAG,0035g00000mgdOWAAY,0035g00000ob600AAA,0035g00001BPC9kAAH,0035g00000ob8Q6AAI,0035g00000oakDGAAY,0035g00000mgIGUAA2,0035g00000oayv8AAA, ... (190 more)"
"S0268211M1","Malaysia","unable to obtain exclusive access to this record or 200 records: 0035g00000mgQvUAAU,0035g000013kG8sAAE,0035g00000zYQw1AAG,0035g00000mgdOWAAY,0035g00000ob600AAA,0035g00001BPC9kAAH,0035g00000ob8Q6AAI,0035g00000oakDGAAY,0035g00000mgIGUAA2,0035g00000oayv8AAA, ... (190 more)"
"S0099290M1","Malaysia","unable to obtain exclusive access to this record or 200 records: 0035g00000mgQvUAAU,0035g000013kG8sAAE,0035g00000zYQw1AAG,0035g00000mgdOWAAY,0035g00000ob600AAA,0035g00001BPC9kAAH,0035g00000ob8Q6AAI,0035g00000oakDGAAY,0035g00000mgIGUAA2,0035g00000oayv8AAA, ... (190 more)"
"S0458203M1","Malaysia","unable to obtain exclusive access to this record or 200 records: 0035g00000mgQvUAAU,0035g000013kG8sAAE,0035g00000zYQw1AAG,0035g00000mgdOWAAY,0035g00000ob600AAA,0035g00001BPC9kAAH,0035g00000ob8Q6AAI,0035g00000oakDGAAY,0035g00000mgIGUAA2,0035g00000oayv8AAA, ... (190 more)"
"S0407361M1","Malaysia","unable to obtain exclusive access to this record or 200 records: 0035g00000mgQvUAAU,0035g000013kG8sAAE,0035g00000zYQw1AAG,0035g00000mgdOWAAY,0035g00000ob600AAA,0035g00001BPC9kAAH,0035g00000ob8Q6AAI,0035g00000oakDGAAY,0035g00000mgIGUAA2,0035g00000oayv8AAA, ... (190 more)"
"S0300686M1","Malaysia","unable to obtain exclusive access to this record or 200 records: 0035g00000mgQvUAAU,0035g000013kG8sAAE,0035g00000zYQw1AAG,0035g00000mgdOWAAY,0035g00000ob600AAA,0035g00001BPC9kAAH,0035g00000ob8Q6AAI,0035g00000oakDGAAY,0035g00000mgIGUAA2,0035g00000oayv8AAA, ... (190 more)"
"S0517548M1","Malaysia","unable to obtain exclusive access to this record or 200 records: 0035g00000mgQvUAAU,0035g000013kG8sAAE,0035g00000zYQw1AAG,0035g00000mgdOWAAY,0035g00000ob600AAA,0035g00001BPC9kAAH,0035g00000ob8Q6AAI,0035g00000oakDGAAY,0035g00000mgIGUAA2,0035g00000oayv8AAA, ... (190 more)"
"S0523121M1","Malaysia","unable to obtain exclusive access to this record or 200 records: 0035g00000mgQvUAAU,0035g000013kG8sAAE,0035g00000zYQw1AAG,0035g00000mgdOWAAY,0035g00000ob600AAA,0035g00001BPC9kAAH,0035g00000ob8Q6AAI,0035g00000oakDGAAY,0035g00000mgIGUAA2,0035g00000oayv8AAA, ... (190 more)"
"S0468884M1","Malaysia","unable to obtain exclusive access to this record or 200 records: 0035g00000mgQvUAAU,0035g000013kG8sAAE,0035g00000zYQw1AAG,0035g00000mgdOWAAY,0035g00000ob600AAA,0035g00001BPC9kAAH,0035g00000ob8Q6AAI,0035g00000oakDGAAY,0035g00000mgIGUAA2,0035g00000oayv8AAA, ... (190 more)"
"S0525168M1","Malaysia","unable to obtain exclusive access to this record or 200 records: 0035g00000mgQvUAAU,0035g000013kG8sAAE,0035g00000zYQw1AAG,0035g00000mgdOWAAY,0035g00000ob600AAA,0035g00001BPC9kAAH,0035g00000ob8Q6AAI,0035g00000oakDGAAY,0035g00000mgIGUAA2,0035g00000oayv8AAA, ... (190 more)"
"S0587401M1","Malaysia","unable to obtain exclusive access to this record or 200 records: 0035g00000mgQvUAAU,0035g000013kG8sAAE,0035g00000zYQw1AAG,0035g00000mgdOWAAY,0035g00000ob600AAA,0035g00001BPC9kAAH,0035g00000ob8Q6AAI,0035g00000oakDGAAY,0035g00000mgIGUAA2,0035g00000oayv8AAA, ... (190 more)"
"S0609323M1","Malaysia","unable to obtain exclusive access to this record or 200 records: 0035g00000mgQvUAAU,0035g000013kG8sAAE,0035g00000zYQw1AAG,0035g00000mgdOWAAY,0035g00000ob600AAA,0035g00001BPC9kAAH,0035g00000ob8Q6AAI,0035g00000oakDGAAY,0035g00000mgIGUAA2,0035g00000oayv8AAA, ... (190 more)"
"S0138527M1","Malaysia","unable to obtain exclusive access to this record or 200 records: 0035g00000mgQvUAAU,0035g000013kG8sAAE,0035g00000zYQw1AAG,0035g00000mgdOWAAY,0035g00000ob600AAA,0035g00001BPC9kAAH,0035g00000ob8Q6AAI,0035g00000oakDGAAY,0035g00000mgIGUAA2,0035g00000oayv8AAA, ... (190 more)"
"S0592055M1","Malaysia","unable to obtain exclusive access to this record or 200 records: 0035g00000mgQvUAAU,0035g000013kG8sAAE,0035g00000zYQw1AAG,0035g00000mgdOWAAY,0035g00000ob600AAA,0035g00001BPC9kAAH,0035g00000ob8Q6AAI,0035g00000oakDGAAY,0035g00000mgIGUAA2,0035g00000oayv8AAA, ... (190 more)"
"S0583929M1","Malaysia","unable to obtain exclusive access to this record or 200 records: 0035g00000mgQvUAAU,0035g000013kG8sAAE,0035g00000zYQw1AAG,0035g00000mgdOWAAY,0035g00000ob600AAA,0035g00001BPC9kAAH,0035g00000ob8Q6AAI,0035g00000oakDGAAY,0035g00000mgIGUAA2,0035g00000oayv8AAA, ... (190 more)"
"S0340354M1","Malaysia","unable to obtain exclusive access to this record or 200 records: 0035g00000mgQvUAAU,0035g000013kG8sAAE,0035g00000zYQw1AAG,0035g00000mgdOWAAY,0035g00000ob600AAA,0035g00001BPC9kAAH,0035g00000ob8Q6AAI,0035g00000oakDGAAY,0035g00000mgIGUAA2,0035g00000oayv8AAA, ... (190 more)"
"S0501863M1","Malaysia","unable to obtain exclusive access to this record or 200 records: 0035g00000mgQvUAAU,0035g000013kG8sAAE,0035g00000zYQw1AAG,0035g00000mgdOWAAY,0035g00000ob600AAA,0035g00001BPC9kAAH,0035g00000ob8Q6AAI,0035g00000oakDGAAY,0035g00000mgIGUAA2,0035g00000oayv8AAA, ... (190 more)"
"S0614344M1","Malaysia","unable to obtain exclusive access to this record or 200 records: 0035g00000mgQvUAAU,0035g000013kG8sAAE,0035g00000zYQw1AAG,0035g00000mgdOWAAY,0035g00000ob600AAA,0035g00001BPC9kAAH,0035g00000ob8Q6AAI,0035g00000oakDGAAY,0035g00000mgIGUAA2,0035g00000oayv8AAA, ... (190 more)"
"S0330937M1","Malaysia","unable to obtain exclusive access to this record or 200 records: 0035g00000mgQvUAAU,0035g000013kG8sAAE,0035g00000zYQw1AAG,0035g00000mgdOWAAY,0035g00000ob600AAA,0035g00001BPC9kAAH,0035g00000ob8Q6AAI,0035g00000oakDGAAY,0035g00000mgIGUAA2,0035g00000oayv8AAA, ... (190 more)"
"S0420751M1","Malaysia","unable to obtain exclusive access to this record or 200 records: 0035g00000mgQvUAAU,0035g000013kG8sAAE,0035g00000zYQw1AAG,0035g00000mgdOWAAY,0035g00000ob600AAA,0035g00001BPC9kAAH,0035g00000ob8Q6AAI,0035g00000oakDGAAY,0035g00000mgIGUAA2,0035g00000oayv8AAA, ... (190 more)"
"S0634420M1","Malaysia","unable to obtain exclusive access to this record or 200 records: 0035g00000mgQvUAAU,0035g000013kG8sAAE,0035g00000zYQw1AAG,0035g00000mgdOWAAY,0035g00000ob600AAA,0035g00001BPC9kAAH,0035g00000ob8Q6AAI,0035g00000oakDGAAY,0035g00000mgIGUAA2,0035g00000oayv8AAA, ... (190 more)"
"S0382980M1","Malaysia","unable to obtain exclusive access to this record or 200 records: 0035g00000mgQvUAAU,0035g000013kG8sAAE,0035g00000zYQw1AAG,0035g00000mgdOWAAY,0035g00000ob600AAA,0035g00001BPC9kAAH,0035g00000ob8Q6AAI,0035g00000oakDGAAY,0035g00000mgIGUAA2,0035g00000oayv8AAA, ... (190 more)"
"S0338541M1","Malaysia","unable to obtain exclusive access to this record or 200 records: 0035g00000mgQvUAAU,0035g000013kG8sAAE,0035g00000zYQw1AAG,0035g00000mgdOWAAY,0035g00000ob600AAA,0035g00001BPC9kAAH,0035g00000ob8Q6AAI,0035g00000oakDGAAY,0035g00000mgIGUAA2,0035g00000oayv8AAA, ... (190 more)"
"S0080057M1","Malaysia","unable to obtain exclusive access to this record or 200 records: 0035g00000mgQvUAAU,0035g000013kG8sAAE,0035g00000zYQw1AAG,0035g00000mgdOWAAY,0035g00000ob600AAA,0035g00001BPC9kAAH,0035g00000ob8Q6AAI,0035g00000oakDGAAY,0035g00000mgIGUAA2,0035g00000oayv8AAA, ... (190 more)"
"S0458218M1","Malaysia","unable to obtain exclusive access to this record or 200 records: 0035g00000mgQvUAAU,0035g000013kG8sAAE,0035g00000zYQw1AAG,0035g00000mgdOWAAY,0035g00000ob600AAA,0035g00001BPC9kAAH,0035g00000ob8Q6AAI,0035g00000oakDGAAY,0035g00000mgIGUAA2,0035g00000oayv8AAA, ... (190 more)"
"S0130475M1","Malaysia","unable to obtain exclusive access to this record or 200 records: 0035g00000mgQvUAAU,0035g000013kG8sAAE,0035g00000zYQw1AAG,0035g00000mgdOWAAY,0035g00000ob600AAA,0035g00001BPC9kAAH,0035g00000ob8Q6AAI,0035g00000oakDGAAY,0035g00000mgIGUAA2,0035g00000oayv8AAA, ... (190 more)"
"S0376143M1","Malaysia","unable to obtain exclusive access to this record or 200 records: 0035g00000mgQvUAAU,0035g000013kG8sAAE,0035g00000zYQw1AAG,0035g00000mgdOWAAY,0035g00000ob600AAA,0035g00001BPC9kAAH,0035g00000ob8Q6AAI,0035g00000oakDGAAY,0035g00000mgIGUAA2,0035g00000oayv8AAA, ... (190 more)"
"S0470235M1","Malaysia","unable to obtain exclusive access to this record or 200 records: 0035g00000mgQvUAAU,0035g000013kG8sAAE,0035g00000zYQw1AAG,0035g00000mgdOWAAY,0035g00000ob600AAA,0035g00001BPC9kAAH,0035g00000ob8Q6AAI,0035g00000oakDGAAY,0035g00000mgIGUAA2,0035g00000oayv8AAA, ... (190 more)"
"S0523124M1","Malaysia","unable to obtain exclusive access to this record or 200 records: 0035g00000mgQvUAAU,0035g000013kG8sAAE,0035g00000zYQw1AAG,0035g00000mgdOWAAY,0035g00000ob600AAA,0035g00001BPC9kAAH,0035g00000ob8Q6AAI,0035g00000oakDGAAY,0035g00000mgIGUAA2,0035g00000oayv8AAA, ... (190 more)"
"S0307431M1","Malaysia","unable to obtain exclusive access to this record or 200 records: 0035g00000mgQvUAAU,0035g000013kG8sAAE,0035g00000zYQw1AAG,0035g00000mgdOWAAY,0035g00000ob600AAA,0035g00001BPC9kAAH,0035g00000ob8Q6AAI,0035g00000oakDGAAY,0035g00000mgIGUAA2,0035g00000oayv8AAA, ... (190 more)"
"S0190690M1","Malaysia","unable to obtain exclusive access to this record or 200 records: 0035g00000mgQvUAAU,0035g000013kG8sAAE,0035g00000zYQw1AAG,0035g00000mgdOWAAY,0035g00000ob600AAA,0035g00001BPC9kAAH,0035g00000ob8Q6AAI,0035g00000oakDGAAY,0035g00000mgIGUAA2,0035g00000oayv8AAA, ... (190 more)"
"S0587496M1","Malaysia","unable to obtain exclusive access to this record or 200 records: 0035g00000mgQvUAAU,0035g000013kG8sAAE,0035g00000zYQw1AAG,0035g00000mgdOWAAY,0035g00000ob600AAA,0035g00001BPC9kAAH,0035g00000ob8Q6AAI,0035g00000oakDGAAY,0035g00000mgIGUAA2,0035g00000oayv8AAA, ... (190 more)"
"S0642803M1","Malaysia","unable to obtain exclusive access to this record or 200 records: 0035g00000mgQvUAAU,0035g000013kG8sAAE,0035g00000zYQw1AAG,0035g00000mgdOWAAY,0035g00000ob600AAA,0035g00001BPC9kAAH,0035g00000ob8Q6AAI,0035g00000oakDGAAY,0035g00000mgIGUAA2,0035g00000oayv8AAA, ... (190 more)"
"S0151763M1","Malaysia","unable to obtain exclusive access to this record or 200 records: 0035g00000mgQvUAAU,0035g000013kG8sAAE,0035g00000zYQw1AAG,0035g00000mgdOWAAY,0035g00000ob600AAA,0035g00001BPC9kAAH,0035g00000ob8Q6AAI,0035g00000oakDGAAY,0035g00000mgIGUAA2,0035g00000oayv8AAA, ... (190 more)"
"S0592098M1","Malaysia","unable to obtain exclusive access to this record or 200 records: 0035g00000mgQvUAAU,0035g000013kG8sAAE,0035g00000zYQw1AAG,0035g00000mgdOWAAY,0035g00000ob600AAA,0035g00001BPC9kAAH,0035g00000ob8Q6AAI,0035g00000oakDGAAY,0035g00000mgIGUAA2,0035g00000oayv8AAA, ... (190 more)"
"S0594786M1","Malaysia","unable to obtain exclusive access to this record or 200 records: 0035g00000mgQvUAAU,0035g000013kG8sAAE,0035g00000zYQw1AAG,0035g00000mgdOWAAY,0035g00000ob600AAA,0035g00001BPC9kAAH,0035g00000ob8Q6AAI,0035g00000oakDGAAY,0035g00000mgIGUAA2,0035g00000oayv8AAA, ... (190 more)"
"S0245640M1","Malaysia","unable to obtain exclusive access to this record or 200 records: 0035g00000mgQvUAAU,0035g000013kG8sAAE,0035g00000zYQw1AAG,0035g00000mgdOWAAY,0035g00000ob600AAA,0035g00001BPC9kAAH,0035g00000ob8Q6AAI,0035g00000oakDGAAY,0035g00000mgIGUAA2,0035g00000oayv8AAA, ... (190 more)"
"S0501862M1","Malaysia","unable to obtain exclusive access to this record or 200 records: 0035g00000mgQvUAAU,0035g000013kG8sAAE,0035g00000zYQw1AAG,0035g00000mgdOWAAY,0035g00000ob600AAA,0035g00001BPC9kAAH,0035g00000ob8Q6AAI,0035g00000oakDGAAY,0035g00000mgIGUAA2,0035g00000oayv8AAA, ... (190 more)"
"S0322286M1","Malaysia","unable to obtain exclusive access to this record or 200 records: 0035g00000mgQvUAAU,0035g000013kG8sAAE,0035g00000zYQw1AAG,0035g00000mgdOWAAY,0035g00000ob600AAA,0035g00001BPC9kAAH,0035g00000ob8Q6AAI,0035g00000oakDGAAY,0035g00000mgIGUAA2,0035g00000oayv8AAA, ... (190 more)"
"S0330842M1","Malaysia","unable to obtain exclusive access to this record or 200 records: 0035g00000mgQvUAAU,0035g000013kG8sAAE,0035g00000zYQw1AAG,0035g00000mgdOWAAY,0035g00000ob600AAA,0035g00001BPC9kAAH,0035g00000ob8Q6AAI,0035g00000oakDGAAY,0035g00000mgIGUAA2,0035g00000oayv8AAA, ... (190 more)"
"S0408136M1","Malaysia","unable to obtain exclusive access to this record or 200 records: 0035g00000mgQvUAAU,0035g000013kG8sAAE,0035g00000zYQw1AAG,0035g00000mgdOWAAY,0035g00000ob600AAA,0035g00001BPC9kAAH,0035g00000ob8Q6AAI,0035g00000oakDGAAY,0035g00000mgIGUAA2,0035g00000oayv8AAA, ... (190 more)"
"S0196614M1","Malaysia","unable to obtain exclusive access to this record or 200 records: 0035g00000mgQvUAAU,0035g000013kG8sAAE,0035g00000zYQw1AAG,0035g00000mgdOWAAY,0035g00000ob600AAA,0035g00001BPC9kAAH,0035g00000ob8Q6AAI,0035g00000oakDGAAY,0035g00000mgIGUAA2,0035g00000oayv8AAA, ... (190 more)"
"S0282418M1","Malaysia","unable to obtain exclusive access to this record or 200 records: 0035g00000mgQvUAAU,0035g000013kG8sAAE,0035g00000zYQw1AAG,0035g00000mgdOWAAY,0035g00000ob600AAA,0035g00001BPC9kAAH,0035g00000ob8Q6AAI,0035g00000oakDGAAY,0035g00000mgIGUAA2,0035g00000oayv8AAA, ... (190 more)"
"S0478282M1","Malaysia","unable to obtain exclusive access to this record or 200 records: 0035g00000mgQvUAAU,0035g000013kG8sAAE,0035g00000zYQw1AAG,0035g00000mgdOWAAY,0035g00000ob600AAA,0035g00001BPC9kAAH,0035g00000ob8Q6AAI,0035g00000oakDGAAY,0035g00000mgIGUAA2,0035g00000oayv8AAA, ... (190 more)"
"S0170972M1","Malaysia","unable to obtain exclusive access to this record or 200 records: 0035g00000mgQvUAAU,0035g000013kG8sAAE,0035g00000zYQw1AAG,0035g00000mgdOWAAY,0035g00000ob600AAA,0035g00001BPC9kAAH,0035g00000ob8Q6AAI,0035g00000oakDGAAY,0035g00000mgIGUAA2,0035g00000oayv8AAA, ... (190 more)"
"S0293074M1","Malaysia","unable to obtain exclusive access to this record or 200 records: 0035g00000mgQvUAAU,0035g000013kG8sAAE,0035g00000zYQw1AAG,0035g00000mgdOWAAY,0035g00000ob600AAA,0035g00001BPC9kAAH,0035g00000ob8Q6AAI,0035g00000oakDGAAY,0035g00000mgIGUAA2,0035g00000oayv8AAA, ... (190 more)"
"S0132821M1","Malaysia","unable to obtain exclusive access to this record or 200 records: 0035g00000mgQvUAAU,0035g000013kG8sAAE,0035g00000zYQw1AAG,0035g00000mgdOWAAY,0035g00000ob600AAA,0035g00001BPC9kAAH,0035g00000ob8Q6AAI,0035g00000oakDGAAY,0035g00000mgIGUAA2,0035g00000oayv8AAA, ... (190 more)"
"S0269374M1","Malaysia","unable to obtain exclusive access to this record or 200 records: 0035g00000mgQvUAAU,0035g000013kG8sAAE,0035g00000zYQw1AAG,0035g00000mgdOWAAY,0035g00000ob600AAA,0035g00001BPC9kAAH,0035g00000ob8Q6AAI,0035g00000oakDGAAY,0035g00000mgIGUAA2,0035g00000oayv8AAA, ... (190 more)"
"S0262075M1","Malaysia","unable to obtain exclusive access to this record or 200 records: 0035g00000mgQvUAAU,0035g000013kG8sAAE,0035g00000zYQw1AAG,0035g00000mgdOWAAY,0035g00000ob600AAA,0035g00001BPC9kAAH,0035g00000ob8Q6AAI,0035g00000oakDGAAY,0035g00000mgIGUAA2,0035g00000oayv8AAA, ... (190 more)"
"S0154310M1","Malaysia","unable to obtain exclusive access to this record or 200 records: 0035g00000mgQvUAAU,0035g000013kG8sAAE,0035g00000zYQw1AAG,0035g00000mgdOWAAY,0035g00000ob600AAA,0035g00001BPC9kAAH,0035g00000ob8Q6AAI,0035g00000oakDGAAY,0035g00000mgIGUAA2,0035g00000oayv8AAA, ... (190 more)"
"S0307432M1","Malaysia","unable to obtain exclusive access to this record or 200 records: 0035g00000mgQvUAAU,0035g000013kG8sAAE,0035g00000zYQw1AAG,0035g00000mgdOWAAY,0035g00000ob600AAA,0035g00001BPC9kAAH,0035g00000ob8Q6AAI,0035g00000oakDGAAY,0035g00000mgIGUAA2,0035g00000oayv8AAA, ... (190 more)"
"S0185462M1","Malaysia","unable to obtain exclusive access to this record or 200 records: 0035g00000mgQvUAAU,0035g000013kG8sAAE,0035g00000zYQw1AAG,0035g00000mgdOWAAY,0035g00000ob600AAA,0035g00001BPC9kAAH,0035g00000ob8Q6AAI,0035g00000oakDGAAY,0035g00000mgIGUAA2,0035g00000oayv8AAA, ... (190 more)"
"S0607780M1","Malaysia","unable to obtain exclusive access to this record or 200 records: 0035g00000mgQvUAAU,0035g000013kG8sAAE,0035g00000zYQw1AAG,0035g00000mgdOWAAY,0035g00000ob600AAA,0035g00001BPC9kAAH,0035g00000ob8Q6AAI,0035g00000oakDGAAY,0035g00000mgIGUAA2,0035g00000oayv8AAA, ... (190 more)"
"S0635575M1","Malaysia","unable to obtain exclusive access to this record or 200 records: 0035g00000mgQvUAAU,0035g000013kG8sAAE,0035g00000zYQw1AAG,0035g00000mgdOWAAY,0035g00000ob600AAA,0035g00001BPC9kAAH,0035g00000ob8Q6AAI,0035g00000oakDGAAY,0035g00000mgIGUAA2,0035g00000oayv8AAA, ... (190 more)"
"S0151775M1","Malaysia","unable to obtain exclusive access to this record or 200 records: 0035g00000mgQvUAAU,0035g000013kG8sAAE,0035g00000zYQw1AAG,0035g00000mgdOWAAY,0035g00000ob600AAA,0035g00001BPC9kAAH,0035g00000ob8Q6AAI,0035g00000oakDGAAY,0035g00000mgIGUAA2,0035g00000oayv8AAA, ... (190 more)"
"S0607075M1","Malaysia","unable to obtain exclusive access to this record or 200 records: 0035g00000mgQvUAAU,0035g000013kG8sAAE,0035g00000zYQw1AAG,0035g00000mgdOWAAY,0035g00000ob600AAA,0035g00001BPC9kAAH,0035g00000ob8Q6AAI,0035g00000oakDGAAY,0035g00000mgIGUAA2,0035g00000oayv8AAA, ... (190 more)"
"S0593506M1","Malaysia","unable to obtain exclusive access to this record or 200 records: 0035g00000mgQvUAAU,0035g000013kG8sAAE,0035g00000zYQw1AAG,0035g00000mgdOWAAY,0035g00000ob600AAA,0035g00001BPC9kAAH,0035g00000ob8Q6AAI,0035g00000oakDGAAY,0035g00000mgIGUAA2,0035g00000oayv8AAA, ... (190 more)"
"S0245655M1","Malaysia","unable to obtain exclusive access to this record or 200 records: 0035g00000mgQvUAAU,0035g000013kG8sAAE,0035g00000zYQw1AAG,0035g00000mgdOWAAY,0035g00000ob600AAA,0035g00001BPC9kAAH,0035g00000ob8Q6AAI,0035g00000oakDGAAY,0035g00000mgIGUAA2,0035g00000oayv8AAA, ... (190 more)"
"S0497741M1","Malaysia","unable to obtain exclusive access to this record or 200 records: 0035g00000mgQvUAAU,0035g000013kG8sAAE,0035g00000zYQw1AAG,0035g00000mgdOWAAY,0035g00000ob600AAA,0035g00001BPC9kAAH,0035g00000ob8Q6AAI,0035g00000oakDGAAY,0035g00000mgIGUAA2,0035g00000oayv8AAA, ... (190 more)"
"S0232852M1","Malaysia","unable to obtain exclusive access to this record or 200 records: 0035g00000mgQvUAAU,0035g000013kG8sAAE,0035g00000zYQw1AAG,0035g00000mgdOWAAY,0035g00000ob600AAA,0035g00001BPC9kAAH,0035g00000ob8Q6AAI,0035g00000oakDGAAY,0035g00000mgIGUAA2,0035g00000oayv8AAA, ... (190 more)"
"S0331341M1","Malaysia","unable to obtain exclusive access to this record or 200 records: 0035g00000mgQvUAAU,0035g000013kG8sAAE,0035g00000zYQw1AAG,0035g00000mgdOWAAY,0035g00000ob600AAA,0035g00001BPC9kAAH,0035g00000ob8Q6AAI,0035g00000oakDGAAY,0035g00000mgIGUAA2,0035g00000oayv8AAA, ... (190 more)"
"S0393374M1","Malaysia","unable to obtain exclusive access to this record or 200 records: 0035g00000mgQvUAAU,0035g000013kG8sAAE,0035g00000zYQw1AAG,0035g00000mgdOWAAY,0035g00000ob600AAA,0035g00001BPC9kAAH,0035g00000ob8Q6AAI,0035g00000oakDGAAY,0035g00000mgIGUAA2,0035g00000oayv8AAA, ... (190 more)"
"S0199775M1","Malaysia","unable to obtain exclusive access to this record or 200 records: 0035g00000mgQvUAAU,0035g000013kG8sAAE,0035g00000zYQw1AAG,0035g00000mgdOWAAY,0035g00000ob600AAA,0035g00001BPC9kAAH,0035g00000ob8Q6AAI,0035g00000oakDGAAY,0035g00000mgIGUAA2,0035g00000oayv8AAA, ... (190 more)"
"S0282419M1","Malaysia","unable to obtain exclusive access to this record or 200 records: 0035g00000mgQvUAAU,0035g000013kG8sAAE,0035g00000zYQw1AAG,0035g00000mgdOWAAY,0035g00000ob600AAA,0035g00001BPC9kAAH,0035g00000ob8Q6AAI,0035g00000oakDGAAY,0035g00000mgIGUAA2,0035g00000oayv8AAA, ... (190 more)"
"S0293644M1","Malaysia","unable to obtain exclusive access to this record or 200 records: 0035g00000mgQvUAAU,0035g000013kG8sAAE,0035g00000zYQw1AAG,0035g00000mgdOWAAY,0035g00000ob600AAA,0035g00001BPC9kAAH,0035g00000ob8Q6AAI,0035g00000oakDGAAY,0035g00000mgIGUAA2,0035g00000oayv8AAA, ... (190 more)"
"S0154542M1","Malaysia","unable to obtain exclusive access to this record or 200 records: 0035g00000mgQvUAAU,0035g000013kG8sAAE,0035g00000zYQw1AAG,0035g00000mgdOWAAY,0035g00000ob600AAA,0035g00001BPC9kAAH,0035g00000ob8Q6AAI,0035g00000oakDGAAY,0035g00000mgIGUAA2,0035g00000oayv8AAA, ... (190 more)"
"S0468939M1","Malaysia","unable to obtain exclusive access to this record or 200 records: 0035g00000mgQvUAAU,0035g000013kG8sAAE,0035g00000zYQw1AAG,0035g00000mgdOWAAY,0035g00000ob600AAA,0035g00001BPC9kAAH,0035g00000ob8Q6AAI,0035g00000oakDGAAY,0035g00000mgIGUAA2,0035g00000oayv8AAA, ... (190 more)"
"S0132882M1","Malaysia","unable to obtain exclusive access to this record or 200 records: 0035g00000mgQvUAAU,0035g000013kG8sAAE,0035g00000zYQw1AAG,0035g00000mgdOWAAY,0035g00000ob600AAA,0035g00001BPC9kAAH,0035g00000ob8Q6AAI,0035g00000oakDGAAY,0035g00000mgIGUAA2,0035g00000oayv8AAA, ... (190 more)"
"S0600466M1","Malaysia","unable to obtain exclusive access to this record or 200 records: 0035g00000mgQvUAAU,0035g000013kG8sAAE,0035g00000zYQw1AAG,0035g00000mgdOWAAY,0035g00000ob600AAA,0035g00001BPC9kAAH,0035g00000ob8Q6AAI,0035g00000oakDGAAY,0035g00000mgIGUAA2,0035g00000oayv8AAA, ... (190 more)"
"S0290170M1","Malaysia","unable to obtain exclusive access to this record or 200 records: 0035g00000mgQvUAAU,0035g000013kG8sAAE,0035g00000zYQw1AAG,0035g00000mgdOWAAY,0035g00000ob600AAA,0035g00001BPC9kAAH,0035g00000ob8Q6AAI,0035g00000oakDGAAY,0035g00000mgIGUAA2,0035g00000oayv8AAA, ... (190 more)"
"S0154311M1","Malaysia","unable to obtain exclusive access to this record or 200 records: 0035g00000mgQvUAAU,0035g000013kG8sAAE,0035g00000zYQw1AAG,0035g00000mgdOWAAY,0035g00000ob600AAA,0035g00001BPC9kAAH,0035g00000ob8Q6AAI,0035g00000oakDGAAY,0035g00000mgIGUAA2,0035g00000oayv8AAA, ... (190 more)"
"S0468224M1","Malaysia","unable to obtain exclusive access to this record or 200 records: 0035g00000mgQvUAAU,0035g000013kG8sAAE,0035g00000zYQw1AAG,0035g00000mgdOWAAY,0035g00000ob600AAA,0035g00001BPC9kAAH,0035g00000ob8Q6AAI,0035g00000oakDGAAY,0035g00000mgIGUAA2,0035g00000oayv8AAA, ... (190 more)"
"S0185358M1","Malaysia","unable to obtain exclusive access to this record or 200 records: 0035g00000mgQvUAAU,0035g000013kG8sAAE,0035g00000zYQw1AAG,0035g00000mgdOWAAY,0035g00000ob600AAA,0035g00001BPC9kAAH,0035g00000ob8Q6AAI,0035g00000oakDGAAY,0035g00000mgIGUAA2,0035g00000oayv8AAA, ... (190 more)"
"S0590002M1","Malaysia","unable to obtain exclusive access to this record or 200 records: 0035g00000mgQvUAAU,0035g000013kG8sAAE,0035g00000zYQw1AAG,0035g00000mgdOWAAY,0035g00000ob600AAA,0035g00001BPC9kAAH,0035g00000ob8Q6AAI,0035g00000oakDGAAY,0035g00000mgIGUAA2,0035g00000oayv8AAA, ... (190 more)"
"S0635044M1","Malaysia","unable to obtain exclusive access to this record or 200 records: 0035g00000mgQvUAAU,0035g000013kG8sAAE,0035g00000zYQw1AAG,0035g00000mgdOWAAY,0035g00000ob600AAA,0035g00001BPC9kAAH,0035g00000ob8Q6AAI,0035g00000oakDGAAY,0035g00000mgIGUAA2,0035g00000oayv8AAA, ... (190 more)"
"S0163910M1","Malaysia","unable to obtain exclusive access to this record or 200 records: 0035g00000mgQvUAAU,0035g000013kG8sAAE,0035g00000zYQw1AAG,0035g00000mgdOWAAY,0035g00000ob600AAA,0035g00001BPC9kAAH,0035g00000ob8Q6AAI,0035g00000oakDGAAY,0035g00000mgIGUAA2,0035g00000oayv8AAA, ... (190 more)"
"S0607081M1","Malaysia","unable to obtain exclusive access to this record or 200 records: 0035g00000mgQvUAAU,0035g000013kG8sAAE,0035g00000zYQw1AAG,0035g00000mgdOWAAY,0035g00000ob600AAA,0035g00001BPC9kAAH,0035g00000ob8Q6AAI,0035g00000oakDGAAY,0035g00000mgIGUAA2,0035g00000oayv8AAA, ... (190 more)"
"S0594640M1","Malaysia","unable to obtain exclusive access to this record or 200 records: 0035g00000mgQvUAAU,0035g000013kG8sAAE,0035g00000zYQw1AAG,0035g00000mgdOWAAY,0035g00000ob600AAA,0035g00001BPC9kAAH,0035g00000ob8Q6AAI,0035g00000oakDGAAY,0035g00000mgIGUAA2,0035g00000oayv8AAA, ... (190 more)"
"S0255624M1","Malaysia","unable to obtain exclusive access to this record or 200 records: 0035g00000mgQvUAAU,0035g000013kG8sAAE,0035g00000zYQw1AAG,0035g00000mgdOWAAY,0035g00000ob600AAA,0035g00001BPC9kAAH,0035g00000ob8Q6AAI,0035g00000oakDGAAY,0035g00000mgIGUAA2,0035g00000oayv8AAA, ... (190 more)"
"S0501869M1","Malaysia","unable to obtain exclusive access to this record or 200 records: 0035g00000mgQvUAAU,0035g000013kG8sAAE,0035g00000zYQw1AAG,0035g00000mgdOWAAY,0035g00000ob600AAA,0035g00001BPC9kAAH,0035g00000ob8Q6AAI,0035g00000oakDGAAY,0035g00000mgIGUAA2,0035g00000oayv8AAA, ... (190 more)"
"S0280348M1","Malaysia","unable to obtain exclusive access to this record or 200 records: 0035g00000mgQvUAAU,0035g000013kG8sAAE,0035g00000zYQw1AAG,0035g00000mgdOWAAY,0035g00000ob600AAA,0035g00001BPC9kAAH,0035g00000ob8Q6AAI,0035g00000oakDGAAY,0035g00000mgIGUAA2,0035g00000oayv8AAA, ... (190 more)"
"S0331348M1","Malaysia","unable to obtain exclusive access to this record or 200 records: 0035g00000mgQvUAAU,0035g000013kG8sAAE,0035g00000zYQw1AAG,0035g00000mgdOWAAY,0035g00000ob600AAA,0035g00001BPC9kAAH,0035g00000ob8Q6AAI,0035g00000oakDGAAY,0035g00000mgIGUAA2,0035g00000oayv8AAA, ... (190 more)"
"S0393251M1","Malaysia","unable to obtain exclusive access to this record or 200 records: 0035g00000mgQvUAAU,0035g000013kG8sAAE,0035g00000zYQw1AAG,0035g00000mgdOWAAY,0035g00000ob600AAA,0035g00001BPC9kAAH,0035g00000ob8Q6AAI,0035g00000oakDGAAY,0035g00000mgIGUAA2,0035g00000oayv8AAA, ... (190 more)"
"S0199776M1","Malaysia","unable to obtain exclusive access to this record or 200 records: 0035g00000mgQvUAAU,0035g000013kG8sAAE,0035g00000zYQw1AAG,0035g00000mgdOWAAY,0035g00000ob600AAA,0035g00001BPC9kAAH,0035g00000ob8Q6AAI,0035g00000oakDGAAY,0035g00000mgIGUAA2,0035g00000oayv8AAA, ... (190 more)"
"S0437795M1","Malaysia","unable to obtain exclusive access to this record or 200 records: 0035g00000mgQvUAAU,0035g000013kG8sAAE,0035g00000zYQw1AAG,0035g00000mgdOWAAY,0035g00000ob600AAA,0035g00001BPC9kAAH,0035g00000ob8Q6AAI,0035g00000oakDGAAY,0035g00000mgIGUAA2,0035g00000oayv8AAA, ... (190 more)"
"S0314625M1","Malaysia","unable to obtain exclusive access to this record or 200 records: 0035g00000mgQvUAAU,0035g000013kG8sAAE,0035g00000zYQw1AAG,0035g00000mgdOWAAY,0035g00000ob600AAA,0035g00001BPC9kAAH,0035g00000ob8Q6AAI,0035g00000oakDGAAY,0035g00000mgIGUAA2,0035g00000oayv8AAA, ... (190 more)"
"S0346429M1","Malaysia","unable to obtain exclusive access to this record or 200 records: 0035g00000mgQvUAAU,0035g000013kG8sAAE,0035g00000zYQw1AAG,0035g00000mgdOWAAY,0035g00000ob600AAA,0035g00001BPC9kAAH,0035g00000ob8Q6AAI,0035g00000oakDGAAY,0035g00000mgIGUAA2,0035g00000oayv8AAA, ... (190 more)"
"S0450719M1","Malaysia","unable to obtain exclusive access to this record or 200 records: 0035g00000mgQvUAAU,0035g000013kG8sAAE,0035g00000zYQw1AAG,0035g00000mgdOWAAY,0035g00000ob600AAA,0035g00001BPC9kAAH,0035g00000ob8Q6AAI,0035g00000oakDGAAY,0035g00000mgIGUAA2,0035g00000oayv8AAA, ... (190 more)"
"S0584573M1","Malaysia","unable to obtain exclusive access to this record or 200 records: 0035g00000mgQvUAAU,0035g000013kG8sAAE,0035g00000zYQw1AAG,0035g00000mgdOWAAY,0035g00000ob600AAA,0035g00001BPC9kAAH,0035g00000ob8Q6AAI,0035g00000oakDGAAY,0035g00000mgIGUAA2,0035g00000oayv8AAA, ... (190 more)"
"S0540988M1","Malaysia","unable to obtain exclusive access to this record or 200 records: 0035g00000mgQvUAAU,0035g000013kG8sAAE,0035g00000zYQw1AAG,0035g00000mgdOWAAY,0035g00000ob600AAA,0035g00001BPC9kAAH,0035g00000ob8Q6AAI,0035g00000oakDGAAY,0035g00000mgIGUAA2,0035g00000oayv8AAA, ... (190 more)"
"S0319342M1","Malaysia","unable to obtain exclusive access to this record or 200 records: 0035g00000mgQvUAAU,0035g000013kG8sAAE,0035g00000zYQw1AAG,0035g00000mgdOWAAY,0035g00000ob600AAA,0035g00001BPC9kAAH,0035g00000ob8Q6AAI,0035g00000oakDGAAY,0035g00000mgIGUAA2,0035g00000oayv8AAA, ... (190 more)"
"S0154313M1","Malaysia","unable to obtain exclusive access to this record or 200 records: 0035g00000mgQvUAAU,0035g000013kG8sAAE,0035g00000zYQw1AAG,0035g00000mgdOWAAY,0035g00000ob600AAA,0035g00001BPC9kAAH,0035g00000ob8Q6AAI,0035g00000oakDGAAY,0035g00000mgIGUAA2,0035g00000oayv8AAA, ... (190 more)"
"S0404571M1","Malaysia","unable to obtain exclusive access to this record or 200 records: 0035g00000mgQvUAAU,0035g000013kG8sAAE,0035g00000zYQw1AAG,0035g00000mgdOWAAY,0035g00000ob600AAA,0035g00001BPC9kAAH,0035g00000ob8Q6AAI,0035g00000oakDGAAY,0035g00000mgIGUAA2,0035g00000oayv8AAA, ... (190 more)"
"S0190561M1","Malaysia","unable to obtain exclusive access to this record or 200 records: 0035g00000mgQvUAAU,0035g000013kG8sAAE,0035g00000zYQw1AAG,0035g00000mgdOWAAY,0035g00000ob600AAA,0035g00001BPC9kAAH,0035g00000ob8Q6AAI,0035g00000oakDGAAY,0035g00000mgIGUAA2,0035g00000oayv8AAA, ... (190 more)"
"S0589988M1","Malaysia","unable to obtain exclusive access to this record or 200 records: 0035g00000mgQvUAAU,0035g000013kG8sAAE,0035g00000zYQw1AAG,0035g00000mgdOWAAY,0035g00000ob600AAA,0035g00001BPC9kAAH,0035g00000ob8Q6AAI,0035g00000oakDGAAY,0035g00000mgIGUAA2,0035g00000oayv8AAA, ... (190 more)"
"S0320049M1","Malaysia","unable to obtain exclusive access to this record or 200 records: 0035g00000mgQvUAAU,0035g000013kG8sAAE,0035g00000zYQw1AAG,0035g00000mgdOWAAY,0035g00000ob600AAA,0035g00001BPC9kAAH,0035g00000ob8Q6AAI,0035g00000oakDGAAY,0035g00000mgIGUAA2,0035g00000oayv8AAA, ... (190 more)"
"S0158141M1","Malaysia","unable to obtain exclusive access to this record or 200 records: 0035g00000mgQvUAAU,0035g000013kG8sAAE,0035g00000zYQw1AAG,0035g00000mgdOWAAY,0035g00000ob600AAA,0035g00001BPC9kAAH,0035g00000ob8Q6AAI,0035g00000oakDGAAY,0035g00000mgIGUAA2,0035g00000oayv8AAA, ... (190 more)"
"S0607056M1","Malaysia","unable to obtain exclusive access to this record or 200 records: 0035g00000mgQvUAAU,0035g000013kG8sAAE,0035g00000zYQw1AAG,0035g00000mgdOWAAY,0035g00000ob600AAA,0035g00001BPC9kAAH,0035g00000ob8Q6AAI,0035g00000oakDGAAY,0035g00000mgIGUAA2,0035g00000oayv8AAA, ... (190 more)"
"S0594472M1","Malaysia","unable to obtain exclusive access to this record or 200 records: 0035g00000mgQvUAAU,0035g000013kG8sAAE,0035g00000zYQw1AAG,0035g00000mgdOWAAY,0035g00000ob600AAA,0035g00001BPC9kAAH,0035g00000ob8Q6AAI,0035g00000oakDGAAY,0035g00000mgIGUAA2,0035g00000oayv8AAA, ... (190 more)"
"S0275841M1","Malaysia","unable to obtain exclusive access to this record or 200 records: 0035g00000mgQvUAAU,0035g000013kG8sAAE,0035g00000zYQw1AAG,0035g00000mgdOWAAY,0035g00000ob600AAA,0035g00001BPC9kAAH,0035g00000ob8Q6AAI,0035g00000oakDGAAY,0035g00000mgIGUAA2,0035g00000oayv8AAA, ... (190 more)"
"S0501873M1","Malaysia","unable to obtain exclusive access to this record or 200 records: 0035g00000mgQvUAAU,0035g000013kG8sAAE,0035g00000zYQw1AAG,0035g00000mgdOWAAY,0035g00000ob600AAA,0035g00001BPC9kAAH,0035g00000ob8Q6AAI,0035g00000oakDGAAY,0035g00000mgIGUAA2,0035g00000oayv8AAA, ... (190 more)"
"S0624008M1","Malaysia","unable to obtain exclusive access to this record or 200 records: 0035g00000mgQvUAAU,0035g000013kG8sAAE,0035g00000zYQw1AAG,0035g00000mgdOWAAY,0035g00000ob600AAA,0035g00001BPC9kAAH,0035g00000ob8Q6AAI,0035g00000oakDGAAY,0035g00000mgIGUAA2,0035g00000oayv8AAA, ... (190 more)"
"S0330945M1","Malaysia","unable to obtain exclusive access to this record or 200 records: 0035g00000mgQvUAAU,0035g000013kG8sAAE,0035g00000zYQw1AAG,0035g00000mgdOWAAY,0035g00000ob600AAA,0035g00001BPC9kAAH,0035g00000ob8Q6AAI,0035g00000oakDGAAY,0035g00000mgIGUAA2,0035g00000oayv8AAA, ... (190 more)"
"S0404767M1","Malaysia","unable to obtain exclusive access to this record or 200 records: 0035g00000mgQvUAAU,0035g000013kG8sAAE,0035g00000zYQw1AAG,0035g00000mgdOWAAY,0035g00000ob600AAA,0035g00001BPC9kAAH,0035g00000ob8Q6AAI,0035g00000oakDGAAY,0035g00000mgIGUAA2,0035g00000oayv8AAA, ... (190 more)"
"S0200851M1","Malaysia","unable to obtain exclusive access to this record or 200 records: 0035g00000mgQvUAAU,0035g000013kG8sAAE,0035g00000zYQw1AAG,0035g00000mgdOWAAY,0035g00000ob600AAA,0035g00001BPC9kAAH,0035g00000ob8Q6AAI,0035g00000oakDGAAY,0035g00000mgIGUAA2,0035g00000oayv8AAA, ... (190 more)"
"S0472335M1","Malaysia","unable to obtain exclusive access to this record or 200 records: 0035g00000mgQvUAAU,0035g000013kG8sAAE,0035g00000zYQw1AAG,0035g00000mgdOWAAY,0035g00000ob600AAA,0035g00001BPC9kAAH,0035g00000ob8Q6AAI,0035g00000oakDGAAY,0035g00000mgIGUAA2,0035g00000oayv8AAA, ... (190 more)"
"S0437258M1","Malaysia","unable to obtain exclusive access to this record or 200 records: 0035g00000mgQvUAAU,0035g000013kG8sAAE,0035g00000zYQw1AAG,0035g00000mgdOWAAY,0035g00000ob600AAA,0035g00001BPC9kAAH,0035g00000ob8Q6AAI,0035g00000oakDGAAY,0035g00000mgIGUAA2,0035g00000oayv8AAA, ... (190 more)"
"S0170940M1","Malaysia","unable to obtain exclusive access to this record or 200 records: 0035g00000mgQvUAAU,0035g000013kG8sAAE,0035g00000zYQw1AAG,0035g00000mgdOWAAY,0035g00000ob600AAA,0035g00001BPC9kAAH,0035g00000ob8Q6AAI,0035g00000oakDGAAY,0035g00000mgIGUAA2,0035g00000oayv8AAA, ... (190 more)"
"S0443729M1","Malaysia","unable to obtain exclusive access to this record or 200 records: 0035g00000mgQvUAAU,0035g000013kG8sAAE,0035g00000zYQw1AAG,0035g00000mgdOWAAY,0035g00000ob600AAA,0035g00001BPC9kAAH,0035g00000ob8Q6AAI,0035g00000oakDGAAY,0035g00000mgIGUAA2,0035g00000oayv8AAA, ... (190 more)"
"S0584636M1","Malaysia","unable to obtain exclusive access to this record or 200 records: 0035g00000mgQvUAAU,0035g000013kG8sAAE,0035g00000zYQw1AAG,0035g00000mgdOWAAY,0035g00000ob600AAA,0035g00001BPC9kAAH,0035g00000ob8Q6AAI,0035g00000oakDGAAY,0035g00000mgIGUAA2,0035g00000oayv8AAA, ... (190 more)"
"S0046938M1","Malaysia","unable to obtain exclusive access to this record or 200 records: 0035g00000mgQvUAAU,0035g000013kG8sAAE,0035g00000zYQw1AAG,0035g00000mgdOWAAY,0035g00000ob600AAA,0035g00001BPC9kAAH,0035g00000ob8Q6AAI,0035g00000oakDGAAY,0035g00000mgIGUAA2,0035g00000oayv8AAA, ... (190 more)"
"S0343392M1","Malaysia","unable to obtain exclusive access to this record or 200 records: 0035g00000mgQvUAAU,0035g000013kG8sAAE,0035g00000zYQw1AAG,0035g00000mgdOWAAY,0035g00000ob600AAA,0035g00001BPC9kAAH,0035g00000ob8Q6AAI,0035g00000oakDGAAY,0035g00000mgIGUAA2,0035g00000oayv8AAA, ... (190 more)"
"S0147069M1","Malaysia","unable to obtain exclusive access to this record or 200 records: 0035g00000mgQvUAAU,0035g000013kG8sAAE,0035g00000zYQw1AAG,0035g00000mgdOWAAY,0035g00000ob600AAA,0035g00001BPC9kAAH,0035g00000ob8Q6AAI,0035g00000oakDGAAY,0035g00000mgIGUAA2,0035g00000oayv8AAA, ... (190 more)"
"S0295778M1","Malaysia","unable to obtain exclusive access to this record or 200 records: 0035g00000mgQvUAAU,0035g000013kG8sAAE,0035g00000zYQw1AAG,0035g00000mgdOWAAY,0035g00000ob600AAA,0035g00001BPC9kAAH,0035g00000ob8Q6AAI,0035g00000oakDGAAY,0035g00000mgIGUAA2,0035g00000oayv8AAA, ... (190 more)"
"S0186590M1","Malaysia","unable to obtain exclusive access to this record or 200 records: 0035g00000mgQvUAAU,0035g000013kG8sAAE,0035g00000zYQw1AAG,0035g00000mgdOWAAY,0035g00000ob600AAA,0035g00001BPC9kAAH,0035g00000ob8Q6AAI,0035g00000oakDGAAY,0035g00000mgIGUAA2,0035g00000oayv8AAA, ... (190 more)"
"S0590028M1","Malaysia","unable to obtain exclusive access to this record or 200 records: 0035g00000mgQvUAAU,0035g000013kG8sAAE,0035g00000zYQw1AAG,0035g00000mgdOWAAY,0035g00000ob600AAA,0035g00001BPC9kAAH,0035g00000ob8Q6AAI,0035g00000oakDGAAY,0035g00000mgIGUAA2,0035g00000oayv8AAA, ... (190 more)"
"S0310660M1","Malaysia","unable to obtain exclusive access to this record or 200 records: 0035g00000mgQvUAAU,0035g000013kG8sAAE,0035g00000zYQw1AAG,0035g00000mgdOWAAY,0035g00000ob600AAA,0035g00001BPC9kAAH,0035g00000ob8Q6AAI,0035g00000oakDGAAY,0035g00000mgIGUAA2,0035g00000oayv8AAA, ... (190 more)"
"S0624819M1","Malaysia","unable to obtain exclusive access to this record or 200 records: 0035g00000mgQvUAAU,0035g000013kG8sAAE,0035g00000zYQw1AAG,0035g00000mgdOWAAY,0035g00000ob600AAA,0035g00001BPC9kAAH,0035g00000ob8Q6AAI,0035g00000oakDGAAY,0035g00000mgIGUAA2,0035g00000oayv8AAA, ... (190 more)"
"S0607077M1","Malaysia","unable to obtain exclusive access to this record or 200 records: 0035g00000mgQvUAAU,0035g000013kG8sAAE,0035g00000zYQw1AAG,0035g00000mgdOWAAY,0035g00000ob600AAA,0035g00001BPC9kAAH,0035g00000ob8Q6AAI,0035g00000oakDGAAY,0035g00000mgIGUAA2,0035g00000oayv8AAA, ... (190 more)"
"S0583938M1","Malaysia","unable to obtain exclusive access to this record or 200 records: 0035g00000mgQvUAAU,0035g000013kG8sAAE,0035g00000zYQw1AAG,0035g00000mgdOWAAY,0035g00000ob600AAA,0035g00001BPC9kAAH,0035g00000ob8Q6AAI,0035g00000oakDGAAY,0035g00000mgIGUAA2,0035g00000oayv8AAA, ... (190 more)"
"S0417759M1","Malaysia","unable to obtain exclusive access to this record or 200 records: 0035g00000mgQvUAAU,0035g000013kG8sAAE,0035g00000zYQw1AAG,0035g00000mgdOWAAY,0035g00000ob600AAA,0035g00001BPC9kAAH,0035g00000ob8Q6AAI,0035g00000oakDGAAY,0035g00000mgIGUAA2,0035g00000oayv8AAA, ... (190 more)"
"S0497909M1","Malaysia","unable to obtain exclusive access to this record or 200 records: 0035g00000mgQvUAAU,0035g000013kG8sAAE,0035g00000zYQw1AAG,0035g00000mgdOWAAY,0035g00000ob600AAA,0035g00001BPC9kAAH,0035g00000ob8Q6AAI,0035g00000oakDGAAY,0035g00000mgIGUAA2,0035g00000oayv8AAA, ... (190 more)"
"S0233367M1","Malaysia","unable to obtain exclusive access to this record or 200 records: 0035g00000mgQvUAAU,0035g000013kG8sAAE,0035g00000zYQw1AAG,0035g00000mgdOWAAY,0035g00000ob600AAA,0035g00001BPC9kAAH,0035g00000ob8Q6AAI,0035g00000oakDGAAY,0035g00000mgIGUAA2,0035g00000oayv8AAA, ... (190 more)"
"S0634374M1","Malaysia","unable to obtain exclusive access to this record or 200 records: 0035g00000mgQvUAAU,0035g000013kG8sAAE,0035g00000zYQw1AAG,0035g00000mgdOWAAY,0035g00000ob600AAA,0035g00001BPC9kAAH,0035g00000ob8Q6AAI,0035g00000oakDGAAY,0035g00000mgIGUAA2,0035g00000oayv8AAA, ... (190 more)"
"S0390873M1","Malaysia","unable to obtain exclusive access to this record or 200 records: 0035g00000mgQvUAAU,0035g000013kG8sAAE,0035g00000zYQw1AAG,0035g00000mgdOWAAY,0035g00000ob600AAA,0035g00001BPC9kAAH,0035g00000ob8Q6AAI,0035g00000oakDGAAY,0035g00000mgIGUAA2,0035g00000oayv8AAA, ... (190 more)"
"S0631270M1","Malaysia","unable to obtain exclusive access to this record or 200 records: 0035g00000mgQvUAAU,0035g000013kG8sAAE,0035g00000zYQw1AAG,0035g00000mgdOWAAY,0035g00000ob600AAA,0035g00001BPC9kAAH,0035g00000ob8Q6AAI,0035g00000oakDGAAY,0035g00000mgIGUAA2,0035g00000oayv8AAA, ... (190 more)"
"S0482359M1","Malaysia","unable to obtain exclusive access to this record or 200 records: 0035g00000mgQvUAAU,0035g000013kG8sAAE,0035g00000zYQw1AAG,0035g00000mgdOWAAY,0035g00000ob600AAA,0035g00001BPC9kAAH,0035g00000ob8Q6AAI,0035g00000oakDGAAY,0035g00000mgIGUAA2,0035g00000oayv8AAA, ... (190 more)"
"S0444996M1","Malaysia","unable to obtain exclusive access to this record or 200 records: 0035g00000mgQvUAAU,0035g000013kG8sAAE,0035g00000zYQw1AAG,0035g00000mgdOWAAY,0035g00000ob600AAA,0035g00001BPC9kAAH,0035g00000ob8Q6AAI,0035g00000oakDGAAY,0035g00000mgIGUAA2,0035g00000oayv8AAA, ... (190 more)"
"S0506059M1","Malaysia","Required fields are missing: [LastName]"
"S0506072M1","Malaysia","Required fields are missing: [LastName]"
